{
  "buildCommand": "npm run build",
  "outputDirectory": "dist",
  "installCommand": "npm install",
  "rewrites": [
    {
      "source": "/(.*)",
      "destination": "/index.html"
    }
  ],
  "headers": [
    {
      "source": "/assets/(.*)",
      "headers": [
        {
          "key": "Cache-Control",
          "value": "public, max-age=31536000, immutable"
        }
      ]
    },
    {
      "source": "/(.*\\.(?:ico|png|jpg|jpeg|svg|gif|webp|avif))",
      "headers": [
        {
          "key": "Cache-Control",
          "value": "public, max-age=86400, must-revalidate"
        }
      ]
    }
  ]
}
